{
  "viewName": "east",
  "origin": {
    "x": -1909263.5031178833,
    "y": -3801733.405001724,
    "z": 4737001.412320662
  },
  "enu_axes": {
    "east": {
      "x": 0.8936362957046791,
      "y": -0.44879190166403327,
      "z": 0
    },
    "north": {
      "x": 0.33490127002841896,
      "y": 0.666856797694693,
      "z": 0.6656899809233509
    },
    "up": {
      "x": -0.29875627245728464,
      "y": -0.5948847286400618,
      "z": 0.7462284163031241
    }
  },
  "boundary_2d": [
    [
      -133.63366637055978,
      144.5559107572808
    ],
    [
      163.33003666202322,
      144.55668429611615
    ],
    [
      163.33959491850592,
      -189.02971152867758
    ],
    [
      -133.64148676235445,
      -189.0304851136134
    ],
    [
      -133.63366637055978,
      144.5559107572808
    ]
  ],
  "camera": {
    "position": {
      "x": -1909682.3928928785,
      "y": -3801658.357797188,
      "z": 4737136.972388774
    },
    "direction": {
      "x": 0.9378925020824159,
      "y": -0.16803038564810643,
      "z": -0.30351844101559006
    },
    "up": {
      "x": 0.09054719140019922,
      "y": -0.7259943531927758,
      "z": 0.6817135800772482
    },
    "right": {
      "x": -0.3349012700291243,
      "y": -0.6668567976943405,
      "z": -0.6656899809233493
    }
  },
  "matrices": {
    "view": [
      -0.3349012700291243,
      0.09054719140019922,
      -0.9378925020824159,
      0,
      -0.6668567976943405,
      -0.7259943531927758,
      0.16803038564810643,
      0,
      -0.6656899809233493,
      0.6817135800772482,
      0.30351844101559006,
      0,
      -21252.1563598644,
      -5816436.728149466,
      -2590091.106426782,
      1
    ],
    "projection": [
      0.8390996311772801,
      0,
      0,
      0,
      0,
      1.1187995082363735,
      0,
      0,
      0,
      0,
      -1.00000000002,
      -1,
      0,
      0,
      -0.200000000002,
      0
    ]
  },
  "viewport": {
    "width": 2048,
    "height": 1536
  }
}