{
  "viewName": "nadir",
  "origin": {
    "x": -1909263.5031178833,
    "y": -3801733.405001724,
    "z": 4737001.412320662
  },
  "enu_axes": {
    "east": {
      "x": 0.8936362957046791,
      "y": -0.44879190166403327,
      "z": 0
    },
    "north": {
      "x": 0.33490127002841896,
      "y": 0.666856797694693,
      "z": 0.6656899809233509
    },
    "up": {
      "x": -0.29875627245728464,
      "y": -0.5948847286400618,
      "z": 0.7462284163031241
    }
  },
  "boundary_2d": [
    [
      -133.63366637055978,
      144.5559107572808
    ],
    [
      163.33003666202322,
      144.55668429611615
    ],
    [
      163.33959491850592,
      -189.02971152867758
    ],
    [
      -133.64148676235445,
      -189.0304851136134
    ],
    [
      -133.63366637055978,
      144.5559107572808
    ]
  ],
  "camera": {
    "position": {
      "x": -1909396.9362645075,
      "y": -3801999.0976366205,
      "z": 4737334.699400691
    },
    "direction": {
      "x": 0.29875627237596064,
      "y": 0.5948847284781289,
      "z": -0.7462284164647737
    },
    "up": {
      "x": 0.33490127010096593,
      "y": 0.666856797839149,
      "z": 0.6656899807421444
    },
    "right": {
      "x": 0.8936362957046792,
      "y": -0.4487919016640333,
      "z": 8.326672684688675e-17
    }
  },
  "matrices": {
    "view": [
      0.8936362957046792,
      0.33490127010096593,
      -0.29875627237596064,
      0,
      -0.4487919016640333,
      0.666856797839149,
      -0.5948847284781289,
      0,
      8.326672684688675e-17,
      0.6656899807421444,
      0.7462284164647737,
      0,
      -1.616317107434061e-10,
      21252.157906028442,
      -6367329.283033518,
      1
    ],
    "projection": [
      0.8390996311772801,
      0,
      0,
      0,
      0,
      1.1187995082363735,
      0,
      0,
      0,
      0,
      -1.00000000002,
      -1,
      0,
      0,
      -0.200000000002,
      0
    ]
  },
  "viewport": {
    "width": 2048,
    "height": 1536
  }
}