{
  "viewName": "north",
  "origin": {
    "x": -1909263.5031178833,
    "y": -3801733.405001724,
    "z": 4737001.412320662
  },
  "enu_axes": {
    "east": {
      "x": 0.8936362957046791,
      "y": -0.44879190166403327,
      "z": 0
    },
    "north": {
      "x": 0.33490127002841896,
      "y": 0.666856797694693,
      "z": 0.6656899809233509
    },
    "up": {
      "x": -0.29875627245728464,
      "y": -0.5948847286400618,
      "z": 0.7462284163031241
    }
  },
  "boundary_2d": [
    [
      -133.63366637055978,
      144.5559107572808
    ],
    [
      163.33003666202322,
      144.55668429611615
    ],
    [
      163.33959491850592,
      -189.02971152867758
    ],
    [
      -133.64148676235445,
      -189.0304851136134
    ],
    [
      -133.63366637055978,
      144.5559107572808
    ]
  ],
  "camera": {
    "position": {
      "x": -1909454.420238938,
      "y": -3802113.559964889,
      "z": 4736865.36043556
    },
    "direction": {
      "x": 0.4274626573502915,
      "y": 0.851165415976285,
      "z": 0.3046196172555947
    },
    "up": {
      "x": -0.13671081731233367,
      "y": -0.27221914636325406,
      "z": 0.9524740882475781
    },
    "right": {
      "x": 0.8936362957047017,
      "y": -0.44879190166398836,
      "z": 4.5879966492634607e-14
    }
  },
  "matrices": {
    "view": [
      0.8936362957047017,
      -0.13671081731233367,
      -0.4274626573502915,
      0,
      -0.44879190166398836,
      -0.27221914636325406,
      -0.851165415976285,
      0,
      4.5879966492634607e-14,
      0.9524740882475781,
      -0.3046196172555947,
      0,
      -3.1230318553449883e-9,
      -5807792.697413703,
      -2609505.91733402,
      1
    ],
    "projection": [
      0.8390996311772801,
      0,
      0,
      0,
      0,
      1.1187995082363735,
      0,
      0,
      0,
      0,
      -1.00000000002,
      -1,
      0,
      0,
      -0.200000000002,
      0
    ]
  },
  "viewport": {
    "width": 2048,
    "height": 1536
  }
}