{
  "viewName": "south",
  "origin": {
    "x": -1909263.5031178833,
    "y": -3801733.405001724,
    "z": 4737001.412320662
  },
  "enu_axes": {
    "east": {
      "x": 0.8936362957046791,
      "y": -0.44879190166403327,
      "z": 0
    },
    "north": {
      "x": 0.33490127002841896,
      "y": 0.666856797694693,
      "z": 0.6656899809233509
    },
    "up": {
      "x": -0.29875627245728464,
      "y": -0.5948847286400618,
      "z": 0.7462284163031241
    }
  },
  "boundary_2d": [
    [
      -133.63366637055978,
      144.5559107572808
    ],
    [
      163.33003666202322,
      144.55668429611615
    ],
    [
      163.33959491850592,
      -189.02971152867758
    ],
    [
      -133.64148676235445,
      -189.0304851136134
    ],
    [
      -133.63366637055978,
      144.5559107572808
    ]
  ],
  "camera": {
    "position": {
      "x": -1909181.1302970946,
      "y": -3801569.383899375,
      "z": 4737408.584341987
    },
    "direction": {
      "x": -0.18443241063625385,
      "y": -0.3672425808880331,
      "z": -0.911656499285557
    },
    "up": {
      "x": -0.40914405397878734,
      "y": -0.8146893369766172,
      "z": 0.410953071907734
    },
    "right": {
      "x": -0.893636295704636,
      "y": 0.4487919016641194,
      "z": 8.626432901337466e-14
    }
  },
  "matrices": {
    "view": [
      -0.893636295704636,
      -0.40914405397878734,
      0.18443241063625385,
      0,
      0.4487919016641194,
      -0.8146893369766172,
      0.3672425808880331,
      0,
      8.626432901337466e-14,
      0.410953071907734,
      0.911656499285557,
      0,
      8.797293966940255e-10,
      -5825080.758886554,
      -2570676.2955164853,
      1
    ],
    "projection": [
      0.8390996311772801,
      0,
      0,
      0,
      0,
      1.1187995082363735,
      0,
      0,
      0,
      0,
      -1.00000000002,
      -1,
      0,
      0,
      -0.200000000002,
      0
    ]
  },
  "viewport": {
    "width": 2048,
    "height": 1536
  }
}