{
  "viewName": "west",
  "origin": {
    "x": -1909263.5031178833,
    "y": -3801733.405001724,
    "z": 4737001.412320662
  },
  "enu_axes": {
    "east": {
      "x": 0.8936362957046791,
      "y": -0.44879190166403327,
      "z": 0
    },
    "north": {
      "x": 0.33490127002841896,
      "y": 0.666856797694693,
      "z": 0.6656899809233509
    },
    "up": {
      "x": -0.29875627245728464,
      "y": -0.5948847286400618,
      "z": 0.7462284163031241
    }
  },
  "boundary_2d": [
    [
      -133.63366637055978,
      144.5559107572808
    ],
    [
      163.33003666202322,
      144.55668429611615
    ],
    [
      163.33959491850592,
      -189.02971152867758
    ],
    [
      -133.64148676235445,
      -189.0304851136134
    ],
    [
      -133.63366637055978,
      144.5559107572808
    ]
  ],
  "camera": {
    "position": {
      "x": -1908953.157643154,
      "y": -3802024.5860670754,
      "z": 4737136.972388774
    },
    "direction": {
      "x": -0.6948622553684282,
      "y": 0.6519532207357509,
      "z": -0.3035184410156699
    },
    "up": {
      "x": -0.6364020626916018,
      "y": -0.3609141301475861,
      "z": 0.6817135800772094
    },
    "right": {
      "x": 0.33490127002771397,
      "y": 0.6668567976950468,
      "z": 0.6656899809233512
    }
  },
  "matrices": {
    "view": [
      0.33490127002771397,
      -0.6364020626916018,
      0.6948622553684282,
      0,
      0.6668567976950468,
      -0.3609141301475861,
      -0.6519532207357509,
      0,
      0.6656899809233512,
      0.6817135800772094,
      0.3035184410156699,
      0,
      21252.1563598481,
      -5816436.728149148,
      -2590091.1064274665,
      1
    ],
    "projection": [
      0.8390996311772801,
      0,
      0,
      0,
      0,
      1.1187995082363735,
      0,
      0,
      0,
      0,
      -1.00000000002,
      -1,
      0,
      0,
      -0.200000000002,
      0
    ]
  },
  "viewport": {
    "width": 2048,
    "height": 1536
  }
}